Full Name, Email Address
Blossom Gill, blossom@nose.x
Hayes Delgado, nonummy@utnisia.com
Petra Jones, ac@nose.x
Oleg Noel, noel@liberomauris.ca
Ahmed Miller, ahmed.miller@nequenonquam.co.uk
Macaulay Douglas, mdouglas@nose.x
Aurora Grant, enim.non@nose.x
Madison Mcintosh, mcintosh@nisiaenean.net
Montana Powell, montanap@semmagna.org
Rogan Robinson, rr.robinson@nose.x
Simon Rivera, sri@nose.x
Benedict Pacheco, bpacheco@nose.x
Maisie Hendrix, mai.hendrix@nose.x
Xaviera Gould, xlg@utnisia.net
Oren Rollins, oren@semmagna.com
Flavia Santiago, flavia@utnisia.net
Jackson Owens, jackowens@nose.x
Britanni Humphrey, britanni@ut.net
Kirk Nixon, kirknixon@nose.x
Bree Campbell, breee@utnisia.net
